username,timestamp,downloads
Abhishek Tiwari,2025-04-15 09:28:02.186574,11
Sahil Singh,2025-04-16 19:13:02.186574,19
Abhishek Tiwari,2025-04-17 20:21:02.186574,3
Kumar Satyam,2025-04-16 23:16:02.186574,32
Abhishek Tiwari,2025-04-18 17:36:02.186574,0
Kumar Satyam,2025-04-19 01:33:02.186574,5
Abhishek Tiwari,2025-04-17 10:47:02.186574,49
Kumar Satyam,2025-04-15 16:24:02.186574,23
Abhishek Tiwari,2025-04-19 12:23:02.186574,47
Sahil Singh,2025-04-18 22:31:02.186574,1
Kumar Satyam,2025-04-18 00:02:02.186574,22
Kumar Satyam,2025-04-18 06:53:02.186574,41
Kumar Satyam,2025-04-19 00:50:02.186574,2
Karan Sharma,2025-04-14 12:11:02.186574,3
Abhishek Tiwari,2025-04-16 03:40:02.186574,17
Kumar Satyam,2025-04-17 08:18:02.186574,25
Abhishek Tiwari,2025-04-16 10:44:02.186574,14
Kumar Satyam,2025-04-18 07:08:02.186574,41
Sahil Singh,2025-04-16 12:47:02.186574,1
Sahil Singh,2025-04-16 22:47:02.186574,31
Karan Sharma,2025-04-20 02:23:02.186574,2
Abhishek Tiwari,2025-04-18 13:18:02.186574,37
Kumar Satyam,2025-04-13 13:40:02.186574,5
Kumar Satyam,2025-04-15 19:38:02.186574,23
Karan Sharma,2025-04-13 16:37:02.186574,49
Kumar Satyam,2025-04-19 19:06:02.186574,0
Sahil Singh,2025-04-16 19:25:02.186574,30
Sahil Singh,2025-04-14 01:38:02.186574,36
Abhishek Tiwari,2025-04-20 09:50:02.186574,29
Abhishek Tiwari,2025-04-20 00:19:02.186574,6
Karan Sharma,2025-04-19 03:43:02.186574,13
Abhishek Tiwari,2025-04-16 11:08:02.186574,22
Kumar Satyam,2025-04-19 01:47:02.186574,3
Kumar Satyam,2025-04-16 03:58:02.186574,11
Kumar Satyam,2025-04-19 02:01:02.186574,23
Sahil Singh,2025-04-13 14:57:02.186574,11
Kumar Satyam,2025-04-14 20:44:02.186574,36
Sahil Singh,2025-04-17 06:57:02.186574,7
Karan Sharma,2025-04-16 19:49:02.186574,7
Abhishek Tiwari,2025-04-15 06:22:02.186574,44
Karan Sharma,2025-04-19 22:46:02.186574,47
Sahil Singh,2025-04-19 06:29:02.186574,12
Karan Sharma,2025-04-17 21:47:02.186574,1
Karan Sharma,2025-04-17 22:22:02.186574,15
Abhishek Tiwari,2025-04-13 19:16:02.186574,25
Sahil Singh,2025-04-18 16:30:02.186574,17
Karan Sharma,2025-04-18 16:09:02.186574,16
Sahil Singh,2025-04-20 00:21:02.186574,25
Karan Sharma,2025-04-13 20:48:02.186574,50
Abhishek Tiwari,2025-04-15 20:14:02.186574,27
